Workbook

Sheet Instrucciones
B2: Plantilla de Diagrama de Pareto
B3: Encuentra los pocos problemas vitales que explican la mayor parte del impacto.
B4: NextGen OPEX Consulting · nextgenopexco.com
B6: Cómo usarla
B7: 1 | C7: Define qué vas a medir y en qué periodo (ej. defectos de rechazo, 4 semanas). Usa categorías claras que no se traslapen.
B8: 2 | C8: Recolecta datos con la «Hoja de verificación» (imprímela y llénala en piso), o captura directo en «Datos».
B9: 3 | C9: En la hoja «Datos», escribe en las celdas AMARILLAS: categoría, frecuencia y costo unitario. Deja «Otros» como última categoría.
B10: 4 | C10: Las hojas «Pareto frecuencia» y «Pareto costo» se ordenan solas y calculan % y % acumulado. No escribas en ellas.
B11: 5 | C11: Ataca primero las categorías marcadas como «Vital» (las que suman hasta ~80%). Compara frecuencia vs. costo: a veces cambian las prioridades.
B12: 6 | C12: Pareto de 2º nivel: toma la categoría #1 y estratifícala (por máquina, turno, producto…) en la hoja «2º nivel».
B14: Leyenda
C15: Celda amarilla = dato que tú capturas. Todo lo demás se calcula con fórmulas.
C16: Fila verde = categoría «Vital» (el % acumulado antes de ella era menor a 80%).
B18: Notas
C19: • La plantilla viene llena con un caso de ejemplo (datos ilustrativos de una línea de inyección de plástico, 4 semanas). Sustitúyelo por tus datos.
C20: • El 80/20 es una regla práctica, no una ley exacta: lo importante es separar los pocos vitales de los muchos triviales.
C21: • Si «Otros» supera ~10% del total, divide esa categoría: está escondiendo información.
C22: • Después de implementar acciones, repite el Pareto con datos nuevos para verificar que la barra atacada sí bajó.

Sheet Hoja de verificación
B2: Hoja de verificación
B3: Imprímela y marca una raya por cada pieza rechazada. Al final de la semana, suma y captura en «Datos».
B4: NextGen OPEX Consulting · nextgenopexco.com
B6: Proceso / línea: | E6: Semana: | H6: Responsable:
B8: Categoría de defecto | C8: Lun | D8: Mar | E8: Mié | F8: Jue | G8: Vie | H8: Sáb | I8: Dom | J8: Total
B9: =IF(Datos!C7="","",Datos!C7) -> Rebaba | J9: =IF(COUNTA(C9:I9)=0,"",SUM(C9:I9))
B10: =IF(Datos!C8="","",Datos!C8) -> Rayón | J10: =IF(COUNTA(C10:I10)=0,"",SUM(C10:I10))
B11: =IF(Datos!C9="","",Datos!C9) -> Mancha | J11: =IF(COUNTA(C11:I11)=0,"",SUM(C11:I11))
B12: =IF(Datos!C10="","",Datos!C10) -> Pieza incompleta | J12: =IF(COUNTA(C12:I12)=0,"",SUM(C12:I12))
B13: =IF(Datos!C11="","",Datos!C11) -> Burbuja | J13: =IF(COUNTA(C13:I13)=0,"",SUM(C13:I13))
B14: =IF(Datos!C12="","",Datos!C12) -> Dimensión fuera de tolerancia | J14: =IF(COUNTA(C14:I14)=0,"",SUM(C14:I14))
B15: =IF(Datos!C13="","",Datos!C13) -> Otros | J15: =IF(COUNTA(C15:I15)=0,"",SUM(C15:I15))
B16: =IF(Datos!C14="","",Datos!C14) | J16: =IF(COUNTA(C16:I16)=0,"",SUM(C16:I16))
B17: =IF(Datos!C15="","",Datos!C15) | J17: =IF(COUNTA(C17:I17)=0,"",SUM(C17:I17))
B18: =IF(Datos!C16="","",Datos!C16) | J18: =IF(COUNTA(C18:I18)=0,"",SUM(C18:I18))
B20: Tip: las categorías vienen de la hoja «Datos». Puedes escribir números en lugar de rayas.

Sheet Datos
B2: Datos de entrada
B3: Captura una fila por categoría. Deja «Otros» al final. Máximo 10 categorías.
B4: NextGen OPEX Consulting · nextgenopexco.com
B6: # | C6: Categoría | D6: Frecuencia (pzas) | E6: Costo unitario ($/pza) | F6: Costo total ($) | G6: Rank frec. | H6: Rank costo
B7: 1 | C7: Rebaba | D7: 420 | E7: 6 | F7: =IF(OR(C7="",D7=""),0,D7*N(E7)) -> 2520 | G7: =IF(OR(C7="",D7=""),"",SUMPRODUCT(($C$7:$C$16<>"")*($D$7:$D$16<>"")*((($D$7:$D$16)*(LOWER($C$7:$C$16)<>"otros")-(LOWER($C$7:$C$16)="otros"))>IF(LOWER(C7)="otros",-1,D7)))+SUMPRODUCT(($C$7:$C7<>"")*($D$7:$D7<>"")*((($D$7:$D7)*(LOWER($C$7:$C7)<>"otros")-(LOWER($C$7:$C7)="otros"))=IF(LOWER(C7)="otros",-1,D7)))) -> 1 | H7: =IF(OR(C7="",D7=""),"",SUMPRODUCT(($C$7:$C$16<>"")*($D$7:$D$16<>"")*((($F$7:$F$16)*(LOWER($C$7:$C$16)<>"otros")-(LOWER($C$7:$C$16)="otros"))>IF(LOWER(C7)="otros",-1,F7)))+SUMPRODUCT(($C$7:$C7<>"")*($D$7:$D7<>"")*((($F$7:$F7)*(LOWER($C$7:$C7)<>"otros")-(LOWER($C$7:$C7)="otros"))=IF(LOWER(C7)="otros",-1,F7)))) -> 3
B8: 2 | C8: Rayón | D8: 310 | E8: 4 | F8: =IF(OR(C8="",D8=""),0,D8*N(E8)) -> 1240 | G8: =IF(OR(C8="",D8=""),"",SUMPRODUCT(($C$7:$C$16<>"")*($D$7:$D$16<>"")*((($D$7:$D$16)*(LOWER($C$7:$C$16)<>"otros")-(LOWER($C$7:$C$16)="otros"))>IF(LOWER(C8)="otros",-1,D8)))+SUMPRODUCT(($C$7:$C8<>"")*($D$7:$D8<>"")*((($D$7:$D8)*(LOWER($C$7:$C8)<>"otros")-(LOWER($C$7:$C8)="otros"))=IF(LOWER(C8)="otros",-1,D8)))) -> 2 | H8: =IF(OR(C8="",D8=""),"",SUMPRODUCT(($C$7:$C$16<>"")*($D$7:$D$16<>"")*((($F$7:$F$16)*(LOWER($C$7:$C$16)<>"otros")-(LOWER($C$7:$C$16)="otros"))>IF(LOWER(C8)="otros",-1,F8)))+SUMPRODUCT(($C$7:$C8<>"")*($D$7:$D8<>"")*((($F$7:$F8)*(LOWER($C$7:$C8)<>"otros")-(LOWER($C$7:$C8)="otros"))=IF(LOWER(C8)="otros",-1,F8)))) -> 4
B9: 3 | C9: Mancha | D9: 180 | E9: 5 | F9: =IF(OR(C9="",D9=""),0,D9*N(E9)) -> 900 | G9: =IF(OR(C9="",D9=""),"",SUMPRODUCT(($C$7:$C$16<>"")*($D$7:$D$16<>"")*((($D$7:$D$16)*(LOWER($C$7:$C$16)<>"otros")-(LOWER($C$7:$C$16)="otros"))>IF(LOWER(C9)="otros",-1,D9)))+SUMPRODUCT(($C$7:$C9<>"")*($D$7:$D9<>"")*((($D$7:$D9)*(LOWER($C$7:$C9)<>"otros")-(LOWER($C$7:$C9)="otros"))=IF(LOWER(C9)="otros",-1,D9)))) -> 3 | H9: =IF(OR(C9="",D9=""),"",SUMPRODUCT(($C$7:$C$16<>"")*($D$7:$D$16<>"")*((($F$7:$F$16)*(LOWER($C$7:$C$16)<>"otros")-(LOWER($C$7:$C$16)="otros"))>IF(LOWER(C9)="otros",-1,F9)))+SUMPRODUCT(($C$7:$C9<>"")*($D$7:$D9<>"")*((($F$7:$F9)*(LOWER($C$7:$C9)<>"otros")-(LOWER($C$7:$C9)="otros"))=IF(LOWER(C9)="otros",-1,F9)))) -> 5
B10: 4 | C10: Pieza incompleta | D10: 150 | E10: 28 | F10: =IF(OR(C10="",D10=""),0,D10*N(E10)) -> 4200 | G10: =IF(OR(C10="",D10=""),"",SUMPRODUCT(($C$7:$C$16<>"")*($D$7:$D$16<>"")*((($D$7:$D$16)*(LOWER($C$7:$C$16)<>"otros")-(LOWER($C$7:$C$16)="otros"))>IF(LOWER(C10)="otros",-1,D10)))+SUMPRODUCT(($C$7:$C10<>"")*($D$7:$D10<>"")*((($D$7:$D10)*(LOWER($C$7:$C10)<>"otros")-(LOWER($C$7:$C10)="otros"))=IF(LOWER(C10)="otros",-1,D10)))) -> 4 | H10: =IF(OR(C10="",D10=""),"",SUMPRODUCT(($C$7:$C$16<>"")*($D$7:$D$16<>"")*((($F$7:$F$16)*(LOWER($C$7:$C$16)<>"otros")-(LOWER($C$7:$C$16)="otros"))>IF(LOWER(C10)="otros",-1,F10)))+SUMPRODUCT(($C$7:$C10<>"")*($D$7:$D10<>"")*((($F$7:$F10)*(LOWER($C$7:$C10)<>"otros")-(LOWER($C$7:$C10)="otros"))=IF(LOWER(C10)="otros",-1,F10)))) -> 1
B11: 5 | C11: Burbuja | D11: 90 | E11: 10 | F11: =IF(OR(C11="",D11=""),0,D11*N(E11)) -> 900 | G11: =IF(OR(C11="",D11=""),"",SUMPRODUCT(($C$7:$C$16<>"")*($D$7:$D$16<>"")*((($D$7:$D$16)*(LOWER($C$7:$C$16)<>"otros")-(LOWER($C$7:$C$16)="otros"))>IF(LOWER(C11)="otros",-1,D11)))+SUMPRODUCT(($C$7:$C11<>"")*($D$7:$D11<>"")*((($D$7:$D11)*(LOWER($C$7:$C11)<>"otros")-(LOWER($C$7:$C11)="otros"))=IF(LOWER(C11)="otros",-1,D11)))) -> 5 | H11: =IF(OR(C11="",D11=""),"",SUMPRODUCT(($C$7:$C$16<>"")*($D$7:$D$16<>"")*((($F$7:$F$16)*(LOWER($C$7:$C$16)<>"otros")-(LOWER($C$7:$C$16)="otros"))>IF(LOWER(C11)="otros",-1,F11)))+SUMPRODUCT(($C$7:$C11<>"")*($D$7:$D11<>"")*((($F$7:$F11)*(LOWER($C$7:$C11)<>"otros")-(LOWER($C$7:$C11)="otros"))=IF(LOWER(C11)="otros",-1,F11)))) -> 6
B12: 6 | C12: Dimensión fuera de tolerancia | D12: 60 | E12: 45 | F12: =IF(OR(C12="",D12=""),0,D12*N(E12)) -> 2700 | G12: =IF(OR(C12="",D12=""),"",SUMPRODUCT(($C$7:$C$16<>"")*($D$7:$D$16<>"")*((($D$7:$D$16)*(LOWER($C$7:$C$16)<>"otros")-(LOWER($C$7:$C$16)="otros"))>IF(LOWER(C12)="otros",-1,D12)))+SUMPRODUCT(($C$7:$C12<>"")*($D$7:$D12<>"")*((($D$7:$D12)*(LOWER($C$7:$C12)<>"otros")-(LOWER($C$7:$C12)="otros"))=IF(LOWER(C12)="otros",-1,D12)))) -> 6 | H12: =IF(OR(C12="",D12=""),"",SUMPRODUCT(($C$7:$C$16<>"")*($D$7:$D$16<>"")*((($F$7:$F$16)*(LOWER($C$7:$C$16)<>"otros")-(LOWER($C$7:$C$16)="otros"))>IF(LOWER(C12)="otros",-1,F12)))+SUMPRODUCT(($C$7:$C12<>"")*($D$7:$D12<>"")*((($F$7:$F12)*(LOWER($C$7:$C12)<>"otros")-(LOWER($C$7:$C12)="otros"))=IF(LOWER(C12)="otros",-1,F12)))) -> 2
B13: 7 | C13: Otros | D13: 40 | E13: 8 | F13: =IF(OR(C13="",D13=""),0,D13*N(E13)) -> 320 | G13: =IF(OR(C13="",D13=""),"",SUMPRODUCT(($C$7:$C$16<>"")*($D$7:$D$16<>"")*((($D$7:$D$16)*(LOWER($C$7:$C$16)<>"otros")-(LOWER($C$7:$C$16)="otros"))>IF(LOWER(C13)="otros",-1,D13)))+SUMPRODUCT(($C$7:$C13<>"")*($D$7:$D13<>"")*((($D$7:$D13)*(LOWER($C$7:$C13)<>"otros")-(LOWER($C$7:$C13)="otros"))=IF(LOWER(C13)="otros",-1,D13)))) -> 7 | H13: =IF(OR(C13="",D13=""),"",SUMPRODUCT(($C$7:$C$16<>"")*($D$7:$D$16<>"")*((($F$7:$F$16)*(LOWER($C$7:$C$16)<>"otros")-(LOWER($C$7:$C$16)="otros"))>IF(LOWER(C13)="otros",-1,F13)))+SUMPRODUCT(($C$7:$C13<>"")*($D$7:$D13<>"")*((($F$7:$F13)*(LOWER($C$7:$C13)<>"otros")-(LOWER($C$7:$C13)="otros"))=IF(LOWER(C13)="otros",-1,F13)))) -> 7
B14: 8 | F14: =IF(OR(C14="",D14=""),0,D14*N(E14)) -> 0 | G14: =IF(OR(C14="",D14=""),"",SUMPRODUCT(($C$7:$C$16<>"")*($D$7:$D$16<>"")*((($D$7:$D$16)*(LOWER($C$7:$C$16)<>"otros")-(LOWER($C$7:$C$16)="otros"))>IF(LOWER(C14)="otros",-1,D14)))+SUMPRODUCT(($C$7:$C14<>"")*($D$7:$D14<>"")*((($D$7:$D14)*(LOWER($C$7:$C14)<>"otros")-(LOWER($C$7:$C14)="otros"))=IF(LOWER(C14)="otros",-1,D14)))) | H14: =IF(OR(C14="",D14=""),"",SUMPRODUCT(($C$7:$C$16<>"")*($D$7:$D$16<>"")*((($F$7:$F$16)*(LOWER($C$7:$C$16)<>"otros")-(LOWER($C$7:$C$16)="otros"))>IF(LOWER(C14)="otros",-1,F14)))+SUMPRODUCT(($C$7:$C14<>"")*($D$7:$D14<>"")*((($F$7:$F14)*(LOWER($C$7:$C14)<>"otros")-(LOWER($C$7:$C14)="otros"))=IF(LOWER(C14)="otros",-1,F14))))
B15: 9 | F15: =IF(OR(C15="",D15=""),0,D15*N(E15)) -> 0 | G15: =IF(OR(C15="",D15=""),"",SUMPRODUCT(($C$7:$C$16<>"")*($D$7:$D$16<>"")*((($D$7:$D$16)*(LOWER($C$7:$C$16)<>"otros")-(LOWER($C$7:$C$16)="otros"))>IF(LOWER(C15)="otros",-1,D15)))+SUMPRODUCT(($C$7:$C15<>"")*($D$7:$D15<>"")*((($D$7:$D15)*(LOWER($C$7:$C15)<>"otros")-(LOWER($C$7:$C15)="otros"))=IF(LOWER(C15)="otros",-1,D15)))) | H15: =IF(OR(C15="",D15=""),"",SUMPRODUCT(($C$7:$C$16<>"")*($D$7:$D$16<>"")*((($F$7:$F$16)*(LOWER($C$7:$C$16)<>"otros")-(LOWER($C$7:$C$16)="otros"))>IF(LOWER(C15)="otros",-1,F15)))+SUMPRODUCT(($C$7:$C15<>"")*($D$7:$D15<>"")*((($F$7:$F15)*(LOWER($C$7:$C15)<>"otros")-(LOWER($C$7:$C15)="otros"))=IF(LOWER(C15)="otros",-1,F15))))
B16: 10 | F16: =IF(OR(C16="",D16=""),0,D16*N(E16)) -> 0 | G16: =IF(OR(C16="",D16=""),"",SUMPRODUCT(($C$7:$C$16<>"")*($D$7:$D$16<>"")*((($D$7:$D$16)*(LOWER($C$7:$C$16)<>"otros")-(LOWER($C$7:$C$16)="otros"))>IF(LOWER(C16)="otros",-1,D16)))+SUMPRODUCT(($C$7:$C16<>"")*($D$7:$D16<>"")*((($D$7:$D16)*(LOWER($C$7:$C16)<>"otros")-(LOWER($C$7:$C16)="otros"))=IF(LOWER(C16)="otros",-1,D16)))) | H16: =IF(OR(C16="",D16=""),"",SUMPRODUCT(($C$7:$C$16<>"")*($D$7:$D$16<>"")*((($F$7:$F$16)*(LOWER($C$7:$C$16)<>"otros")-(LOWER($C$7:$C$16)="otros"))>IF(LOWER(C16)="otros",-1,F16)))+SUMPRODUCT(($C$7:$C16<>"")*($D$7:$D16<>"")*((($F$7:$F16)*(LOWER($C$7:$C16)<>"otros")-(LOWER($C$7:$C16)="otros"))=IF(LOWER(C16)="otros",-1,F16))))
C17: TOTAL | D17: =SUM(D7:D16) -> 1250 | F17: =SUM(F7:F16) -> 12780
C19: Datos de ejemplo (ilustrativos): línea de inyección de plástico, 4 semanas de rechazos. Reemplázalos por los tuyos.
C20: «Otros» siempre se ordena al final. Las columnas Rank se calculan solas.

Sheet Pareto frecuencia
B2: Pareto por frecuencia
B3: Se ordena sola a partir de la hoja «Datos». No escribas aquí.
B4: NextGen OPEX Consulting · nextgenopexco.com
B6: Orden | C6: Categoría | D6: Frecuencia (pzas) | E6: % | F6: % acumulado | G6: Clase
B7: 1 | C7: =IFERROR(INDEX(Datos!$C$7:$C$16,MATCH(1,Datos!$G$7:$G$16,0)),"") -> Rebaba | D7: =IFERROR(INDEX(Datos!$D$7:$D$16,MATCH(1,Datos!$G$7:$G$16,0)),"") -> 420 | E7: =IF(OR(D7="",N(Datos!$D$17)=0),"",D7/Datos!$D$17) -> 0.336 | F7: =IF(OR(D7="",N(Datos!$D$17)=0),0,E7) -> 0.336 | G7: =IF(D7="","",IF(0<0.8,"Vital","Trivial")) -> Vital
B8: 2 | C8: =IFERROR(INDEX(Datos!$C$7:$C$16,MATCH(2,Datos!$G$7:$G$16,0)),"") -> Rayón | D8: =IFERROR(INDEX(Datos!$D$7:$D$16,MATCH(2,Datos!$G$7:$G$16,0)),"") -> 310 | E8: =IF(OR(D8="",N(Datos!$D$17)=0),"",D8/Datos!$D$17) -> 0.248 | F8: =IF(OR(D8="",N(Datos!$D$17)=0),F7,N(F7)+E8) -> 0.584 | G8: =IF(D8="","",IF(N(F7)<0.8,"Vital","Trivial")) -> Vital
B9: 3 | C9: =IFERROR(INDEX(Datos!$C$7:$C$16,MATCH(3,Datos!$G$7:$G$16,0)),"") -> Mancha | D9: =IFERROR(INDEX(Datos!$D$7:$D$16,MATCH(3,Datos!$G$7:$G$16,0)),"") -> 180 | E9: =IF(OR(D9="",N(Datos!$D$17)=0),"",D9/Datos!$D$17) -> 0.144 | F9: =IF(OR(D9="",N(Datos!$D$17)=0),F8,N(F8)+E9) -> 0.728 | G9: =IF(D9="","",IF(N(F8)<0.8,"Vital","Trivial")) -> Vital
B10: 4 | C10: =IFERROR(INDEX(Datos!$C$7:$C$16,MATCH(4,Datos!$G$7:$G$16,0)),"") -> Pieza incompleta | D10: =IFERROR(INDEX(Datos!$D$7:$D$16,MATCH(4,Datos!$G$7:$G$16,0)),"") -> 150 | E10: =IF(OR(D10="",N(Datos!$D$17)=0),"",D10/Datos!$D$17) -> 0.12 | F10: =IF(OR(D10="",N(Datos!$D$17)=0),F9,N(F9)+E10) -> 0.848 | G10: =IF(D10="","",IF(N(F9)<0.8,"Vital","Trivial")) -> Vital
B11: 5 | C11: =IFERROR(INDEX(Datos!$C$7:$C$16,MATCH(5,Datos!$G$7:$G$16,0)),"") -> Burbuja | D11: =IFERROR(INDEX(Datos!$D$7:$D$16,MATCH(5,Datos!$G$7:$G$16,0)),"") -> 90 | E11: =IF(OR(D11="",N(Datos!$D$17)=0),"",D11/Datos!$D$17) -> 0.072 | F11: =IF(OR(D11="",N(Datos!$D$17)=0),F10,N(F10)+E11) -> 0.92 | G11: =IF(D11="","",IF(N(F10)<0.8,"Vital","Trivial")) -> Trivial
B12: 6 | C12: =IFERROR(INDEX(Datos!$C$7:$C$16,MATCH(6,Datos!$G$7:$G$16,0)),"") -> Dimensión fuera de tolerancia | D12: =IFERROR(INDEX(Datos!$D$7:$D$16,MATCH(6,Datos!$G$7:$G$16,0)),"") -> 60 | E12: =IF(OR(D12="",N(Datos!$D$17)=0),"",D12/Datos!$D$17) -> 0.048 | F12: =IF(OR(D12="",N(Datos!$D$17)=0),F11,N(F11)+E12) -> 0.968 | G12: =IF(D12="","",IF(N(F11)<0.8,"Vital","Trivial")) -> Trivial
B13: 7 | C13: =IFERROR(INDEX(Datos!$C$7:$C$16,MATCH(7,Datos!$G$7:$G$16,0)),"") -> Otros | D13: =IFERROR(INDEX(Datos!$D$7:$D$16,MATCH(7,Datos!$G$7:$G$16,0)),"") -> 40 | E13: =IF(OR(D13="",N(Datos!$D$17)=0),"",D13/Datos!$D$17) -> 0.032 | F13: =IF(OR(D13="",N(Datos!$D$17)=0),F12,N(F12)+E13) -> 1 | G13: =IF(D13="","",IF(N(F12)<0.8,"Vital","Trivial")) -> Trivial
B14: 8 | C14: =IFERROR(INDEX(Datos!$C$7:$C$16,MATCH(8,Datos!$G$7:$G$16,0)),"") | D14: =IFERROR(INDEX(Datos!$D$7:$D$16,MATCH(8,Datos!$G$7:$G$16,0)),"") | E14: =IF(OR(D14="",N(Datos!$D$17)=0),"",D14/Datos!$D$17) | F14: =IF(OR(D14="",N(Datos!$D$17)=0),F13,N(F13)+E14) -> 1 | G14: =IF(D14="","",IF(N(F13)<0.8,"Vital","Trivial"))
B15: 9 | C15: =IFERROR(INDEX(Datos!$C$7:$C$16,MATCH(9,Datos!$G$7:$G$16,0)),"") | D15: =IFERROR(INDEX(Datos!$D$7:$D$16,MATCH(9,Datos!$G$7:$G$16,0)),"") | E15: =IF(OR(D15="",N(Datos!$D$17)=0),"",D15/Datos!$D$17) | F15: =IF(OR(D15="",N(Datos!$D$17)=0),F14,N(F14)+E15) -> 1 | G15: =IF(D15="","",IF(N(F14)<0.8,"Vital","Trivial"))
B16: 10 | C16: =IFERROR(INDEX(Datos!$C$7:$C$16,MATCH(10,Datos!$G$7:$G$16,0)),"") | D16: =IFERROR(INDEX(Datos!$D$7:$D$16,MATCH(10,Datos!$G$7:$G$16,0)),"") | E16: =IF(OR(D16="",N(Datos!$D$17)=0),"",D16/Datos!$D$17) | F16: =IF(OR(D16="",N(Datos!$D$17)=0),F15,N(F15)+E16) -> 1 | G16: =IF(D16="","",IF(N(F15)<0.8,"Vital","Trivial"))
C17: TOTAL | D17: =Datos!$D$17 -> 1250
C18: Las categorías «Vital» suman ~80% del total. Si usas menos de 10 categorías, la línea se mantiene en 100% a la derecha: es normal.

Sheet Pareto costo
B2: Pareto por costo
B3: Se ordena sola a partir de la hoja «Datos». No escribas aquí.
B4: NextGen OPEX Consulting · nextgenopexco.com
B6: Orden | C6: Categoría | D6: Costo ($) | E6: % | F6: % acumulado | G6: Clase
B7: 1 | C7: =IFERROR(INDEX(Datos!$C$7:$C$16,MATCH(1,Datos!$H$7:$H$16,0)),"") -> Pieza incompleta | D7: =IFERROR(INDEX(Datos!$F$7:$F$16,MATCH(1,Datos!$H$7:$H$16,0)),"") -> 4200 | E7: =IF(OR(D7="",N(Datos!$F$17)=0),"",D7/Datos!$F$17) -> 0.3286385 | F7: =IF(OR(D7="",N(Datos!$F$17)=0),0,E7) -> 0.3286385 | G7: =IF(D7="","",IF(0<0.8,"Vital","Trivial")) -> Vital
B8: 2 | C8: =IFERROR(INDEX(Datos!$C$7:$C$16,MATCH(2,Datos!$H$7:$H$16,0)),"") -> Dimensión fuera de tolerancia | D8: =IFERROR(INDEX(Datos!$F$7:$F$16,MATCH(2,Datos!$H$7:$H$16,0)),"") -> 2700 | E8: =IF(OR(D8="",N(Datos!$F$17)=0),"",D8/Datos!$F$17) -> 0.21126761 | F8: =IF(OR(D8="",N(Datos!$F$17)=0),F7,N(F7)+E8) -> 0.5399061 | G8: =IF(D8="","",IF(N(F7)<0.8,"Vital","Trivial")) -> Vital
B9: 3 | C9: =IFERROR(INDEX(Datos!$C$7:$C$16,MATCH(3,Datos!$H$7:$H$16,0)),"") -> Rebaba | D9: =IFERROR(INDEX(Datos!$F$7:$F$16,MATCH(3,Datos!$H$7:$H$16,0)),"") -> 2520 | E9: =IF(OR(D9="",N(Datos!$F$17)=0),"",D9/Datos!$F$17) -> 0.1971831 | F9: =IF(OR(D9="",N(Datos!$F$17)=0),F8,N(F8)+E9) -> 0.7370892 | G9: =IF(D9="","",IF(N(F8)<0.8,"Vital","Trivial")) -> Vital
B10: 4 | C10: =IFERROR(INDEX(Datos!$C$7:$C$16,MATCH(4,Datos!$H$7:$H$16,0)),"") -> Rayón | D10: =IFERROR(INDEX(Datos!$F$7:$F$16,MATCH(4,Datos!$H$7:$H$16,0)),"") -> 1240 | E10: =IF(OR(D10="",N(Datos!$F$17)=0),"",D10/Datos!$F$17) -> 0.097026604 | F10: =IF(OR(D10="",N(Datos!$F$17)=0),F9,N(F9)+E10) -> 0.83411581 | G10: =IF(D10="","",IF(N(F9)<0.8,"Vital","Trivial")) -> Vital
B11: 5 | C11: =IFERROR(INDEX(Datos!$C$7:$C$16,MATCH(5,Datos!$H$7:$H$16,0)),"") -> Mancha | D11: =IFERROR(INDEX(Datos!$F$7:$F$16,MATCH(5,Datos!$H$7:$H$16,0)),"") -> 900 | E11: =IF(OR(D11="",N(Datos!$F$17)=0),"",D11/Datos!$F$17) -> 0.070422535 | F11: =IF(OR(D11="",N(Datos!$F$17)=0),F10,N(F10)+E11) -> 0.90453834 | G11: =IF(D11="","",IF(N(F10)<0.8,"Vital","Trivial")) -> Trivial
B12: 6 | C12: =IFERROR(INDEX(Datos!$C$7:$C$16,MATCH(6,Datos!$H$7:$H$16,0)),"") -> Burbuja | D12: =IFERROR(INDEX(Datos!$F$7:$F$16,MATCH(6,Datos!$H$7:$H$16,0)),"") -> 900 | E12: =IF(OR(D12="",N(Datos!$F$17)=0),"",D12/Datos!$F$17) -> 0.070422535 | F12: =IF(OR(D12="",N(Datos!$F$17)=0),F11,N(F11)+E12) -> 0.97496088 | G12: =IF(D12="","",IF(N(F11)<0.8,"Vital","Trivial")) -> Trivial
B13: 7 | C13: =IFERROR(INDEX(Datos!$C$7:$C$16,MATCH(7,Datos!$H$7:$H$16,0)),"") -> Otros | D13: =IFERROR(INDEX(Datos!$F$7:$F$16,MATCH(7,Datos!$H$7:$H$16,0)),"") -> 320 | E13: =IF(OR(D13="",N(Datos!$F$17)=0),"",D13/Datos!$F$17) -> 0.025039124 | F13: =IF(OR(D13="",N(Datos!$F$17)=0),F12,N(F12)+E13) -> 1 | G13: =IF(D13="","",IF(N(F12)<0.8,"Vital","Trivial")) -> Trivial
B14: 8 | C14: =IFERROR(INDEX(Datos!$C$7:$C$16,MATCH(8,Datos!$H$7:$H$16,0)),"") | D14: =IFERROR(INDEX(Datos!$F$7:$F$16,MATCH(8,Datos!$H$7:$H$16,0)),"") | E14: =IF(OR(D14="",N(Datos!$F$17)=0),"",D14/Datos!$F$17) | F14: =IF(OR(D14="",N(Datos!$F$17)=0),F13,N(F13)+E14) -> 1 | G14: =IF(D14="","",IF(N(F13)<0.8,"Vital","Trivial"))
B15: 9 | C15: =IFERROR(INDEX(Datos!$C$7:$C$16,MATCH(9,Datos!$H$7:$H$16,0)),"") | D15: =IFERROR(INDEX(Datos!$F$7:$F$16,MATCH(9,Datos!$H$7:$H$16,0)),"") | E15: =IF(OR(D15="",N(Datos!$F$17)=0),"",D15/Datos!$F$17) | F15: =IF(OR(D15="",N(Datos!$F$17)=0),F14,N(F14)+E15) -> 1 | G15: =IF(D15="","",IF(N(F14)<0.8,"Vital","Trivial"))
B16: 10 | C16: =IFERROR(INDEX(Datos!$C$7:$C$16,MATCH(10,Datos!$H$7:$H$16,0)),"") | D16: =IFERROR(INDEX(Datos!$F$7:$F$16,MATCH(10,Datos!$H$7:$H$16,0)),"") | E16: =IF(OR(D16="",N(Datos!$F$17)=0),"",D16/Datos!$F$17) | F16: =IF(OR(D16="",N(Datos!$F$17)=0),F15,N(F15)+E16) -> 1 | G16: =IF(D16="","",IF(N(F15)<0.8,"Vital","Trivial"))
C17: TOTAL | D17: =Datos!$F$17 -> 12780
C18: Las categorías «Vital» suman ~80% del total. Si usas menos de 10 categorías, la línea se mantiene en 100% a la derecha: es normal.

Sheet 2º nivel
B2: Pareto de 2º nivel
B3: Estratifica la categoría #1 (por máquina, turno, producto, molde…).
B4: NextGen OPEX Consulting · nextgenopexco.com
B6: Categoría analizada: | C6: Pieza incompleta (por máquina)
B8: Estrato | C8: Frecuencia | E8: Orden | F8: Estrato | G8: Frecuencia | H8: % | I8: % acum. | J8: Clase
B9: Máquina 3 | C9: 92 | D9: =IF(OR(B9="",C9=""),"",SUMPRODUCT(($B$9:$B$16<>"")*($C$9:$C$16<>"")*($C$9:$C$16>C9))+SUMPRODUCT(($B$9:$B9<>"")*($C$9:$C9<>"")*($C$9:$C9=C9))) -> 1 | E9: 1 | F9: =IFERROR(INDEX($B$9:$B$16,MATCH(1,$D$9:$D$16,0)),"") -> Máquina 3 | G9: =IFERROR(INDEX($C$9:$C$16,MATCH(1,$D$9:$D$16,0)),"") -> 92 | H9: =IF(OR(G9="",N($C$17)=0),"",G9/$C$17) -> 0.61333333 | I9: =IF(OR(G9="",N($C$17)=0),0,H9) -> 0.61333333 | J9: =IF(G9="","",IF(0<0.8,"Vital","Trivial")) -> Vital
B10: Máquina 1 | C10: 31 | D10: =IF(OR(B10="",C10=""),"",SUMPRODUCT(($B$9:$B$16<>"")*($C$9:$C$16<>"")*($C$9:$C$16>C10))+SUMPRODUCT(($B$9:$B10<>"")*($C$9:$C10<>"")*($C$9:$C10=C10))) -> 2 | E10: 2 | F10: =IFERROR(INDEX($B$9:$B$16,MATCH(2,$D$9:$D$16,0)),"") -> Máquina 1 | G10: =IFERROR(INDEX($C$9:$C$16,MATCH(2,$D$9:$D$16,0)),"") -> 31 | H10: =IF(OR(G10="",N($C$17)=0),"",G10/$C$17) -> 0.20666667 | I10: =IF(OR(G10="",N($C$17)=0),N(I9),N(I9)+H10) -> 0.82 | J10: =IF(G10="","",IF(N(I9)<0.8,"Vital","Trivial")) -> Vital
B11: Máquina 2 | C11: 18 | D11: =IF(OR(B11="",C11=""),"",SUMPRODUCT(($B$9:$B$16<>"")*($C$9:$C$16<>"")*($C$9:$C$16>C11))+SUMPRODUCT(($B$9:$B11<>"")*($C$9:$C11<>"")*($C$9:$C11=C11))) -> 3 | E11: 3 | F11: =IFERROR(INDEX($B$9:$B$16,MATCH(3,$D$9:$D$16,0)),"") -> Máquina 2 | G11: =IFERROR(INDEX($C$9:$C$16,MATCH(3,$D$9:$D$16,0)),"") -> 18 | H11: =IF(OR(G11="",N($C$17)=0),"",G11/$C$17) -> 0.12 | I11: =IF(OR(G11="",N($C$17)=0),N(I10),N(I10)+H11) -> 0.94 | J11: =IF(G11="","",IF(N(I10)<0.8,"Vital","Trivial")) -> Trivial
B12: Máquina 4 | C12: 9 | D12: =IF(OR(B12="",C12=""),"",SUMPRODUCT(($B$9:$B$16<>"")*($C$9:$C$16<>"")*($C$9:$C$16>C12))+SUMPRODUCT(($B$9:$B12<>"")*($C$9:$C12<>"")*($C$9:$C12=C12))) -> 4 | E12: 4 | F12: =IFERROR(INDEX($B$9:$B$16,MATCH(4,$D$9:$D$16,0)),"") -> Máquina 4 | G12: =IFERROR(INDEX($C$9:$C$16,MATCH(4,$D$9:$D$16,0)),"") -> 9 | H12: =IF(OR(G12="",N($C$17)=0),"",G12/$C$17) -> 0.06 | I12: =IF(OR(G12="",N($C$17)=0),N(I11),N(I11)+H12) -> 1 | J12: =IF(G12="","",IF(N(I11)<0.8,"Vital","Trivial")) -> Trivial
D13: =IF(OR(B13="",C13=""),"",SUMPRODUCT(($B$9:$B$16<>"")*($C$9:$C$16<>"")*($C$9:$C$16>C13))+SUMPRODUCT(($B$9:$B13<>"")*($C$9:$C13<>"")*($C$9:$C13=C13))) | E13: 5 | F13: =IFERROR(INDEX($B$9:$B$16,MATCH(5,$D$9:$D$16,0)),"") | G13: =IFERROR(INDEX($C$9:$C$16,MATCH(5,$D$9:$D$16,0)),"") | H13: =IF(OR(G13="",N($C$17)=0),"",G13/$C$17) | I13: =IF(OR(G13="",N($C$17)=0),N(I12),N(I12)+H13) -> 1 | J13: =IF(G13="","",IF(N(I12)<0.8,"Vital","Trivial"))
D14: =IF(OR(B14="",C14=""),"",SUMPRODUCT(($B$9:$B$16<>"")*($C$9:$C$16<>"")*($C$9:$C$16>C14))+SUMPRODUCT(($B$9:$B14<>"")*($C$9:$C14<>"")*($C$9:$C14=C14))) | E14: 6 | F14: =IFERROR(INDEX($B$9:$B$16,MATCH(6,$D$9:$D$16,0)),"") | G14: =IFERROR(INDEX($C$9:$C$16,MATCH(6,$D$9:$D$16,0)),"") | H14: =IF(OR(G14="",N($C$17)=0),"",G14/$C$17) | I14: =IF(OR(G14="",N($C$17)=0),N(I13),N(I13)+H14) -> 1 | J14: =IF(G14="","",IF(N(I13)<0.8,"Vital","Trivial"))
D15: =IF(OR(B15="",C15=""),"",SUMPRODUCT(($B$9:$B$16<>"")*($C$9:$C$16<>"")*($C$9:$C$16>C15))+SUMPRODUCT(($B$9:$B15<>"")*($C$9:$C15<>"")*($C$9:$C15=C15))) | E15: 7 | F15: =IFERROR(INDEX($B$9:$B$16,MATCH(7,$D$9:$D$16,0)),"") | G15: =IFERROR(INDEX($C$9:$C$16,MATCH(7,$D$9:$D$16,0)),"") | H15: =IF(OR(G15="",N($C$17)=0),"",G15/$C$17) | I15: =IF(OR(G15="",N($C$17)=0),N(I14),N(I14)+H15) -> 1 | J15: =IF(G15="","",IF(N(I14)<0.8,"Vital","Trivial"))
D16: =IF(OR(B16="",C16=""),"",SUMPRODUCT(($B$9:$B$16<>"")*($C$9:$C$16<>"")*($C$9:$C$16>C16))+SUMPRODUCT(($B$9:$B16<>"")*($C$9:$C16<>"")*($C$9:$C16=C16))) | E16: 8 | F16: =IFERROR(INDEX($B$9:$B$16,MATCH(8,$D$9:$D$16,0)),"") | G16: =IFERROR(INDEX($C$9:$C$16,MATCH(8,$D$9:$D$16,0)),"") | H16: =IF(OR(G16="",N($C$17)=0),"",G16/$C$17) | I16: =IF(OR(G16="",N($C$17)=0),N(I15),N(I15)+H16) -> 1 | J16: =IF(G16="","",IF(N(I15)<0.8,"Vital","Trivial"))
B17: TOTAL | C17: =SUM(C9:C16) -> 150
B19: Ejemplo ilustrativo. La columna D (rank) es auxiliar: no la borres.
